onset	duration	trial_type
4.5306775	6.5	4
24.558522500000002	6.5	1
44.5862655	6.5	2
64.6140865	6.5	5
84.64185450000001	6.5	5
104.66980550000001	6.5	3
124.69770049999998	6.5	3
144.7253675	6.5	1
164.7532315	6.5	4
184.78115649999998	6.5	4
204.8089335	6.5	2
224.8368015	6.5	4
