onset	duration	trial_type
4.5305365	6.5	4
24.5584815	6.5	1
44.5861415	6.5	4
64.6141365	6.5	3
84.64188349999999	6.5	2
104.6697675	6.5	5
124.6976095	6.5	1
144.7252915	6.5	4
164.7532315	6.5	5
184.78107250000002	6.5	2
204.8089085	6.5	3
224.83664449999998	6.5	4
