onset	duration	trial_type
2.0227855	6.5	2
20.545989499999997	6.5	2
39.0692375	6.5	1
57.5924525	6.5	2
76.1157345	6.5	2
94.6389615	6.5	1
113.16219850000002	6.5	2
131.6854285	6.5	1
150.20865849999998	6.5	1
168.73188249999998	6.5	1
