onset	duration	trial_type
3.5275255	6.5	4
23.5553805	6.5	1
43.5831585	6.5	2
63.6108975	6.5	5
83.6387075	6.5	5
103.6666785	6.5	4
123.6945035	6.5	2
143.7221725	6.5	4
163.75013149999998	6.5	1
183.7778505	6.5	3
203.8057825	6.5	3
223.8336295	6.5	4
