onset	duration	trial_type
2.0229415	6.5	2
20.5462815	6.5	2
39.0695185	6.5	1
57.5927375	6.5	2
76.1159035	6.5	1
94.6392065	6.5	1
113.1624355	6.5	1
131.68566850000002	6.5	1
150.2088895	6.5	2
168.7321455	6.5	2
