onset	duration	trial_type
3.5274004999999997	6.5	4
23.5553445	6.5	1
43.5830275	6.5	5
63.610969499999996	6.5	3
83.6388225	6.5	5
103.6666025	6.5	2
123.69435349999999	6.5	4
143.7221275	6.5	2
163.7499945	6.5	3
183.77787450000002	6.5	4
203.8057435	6.5	1
223.8335045	6.5	4
