onset	duration	trial_type
3.5275155	6.5	4
23.5552385	6.5	1
43.5831955	6.5	4
63.6109505	6.5	4
83.6388665	6.5	5
103.6666575	6.5	2
123.6944815	6.5	5
143.7222085	6.5	2
163.75015349999998	6.5	1
183.7779975	6.5	3
203.8057865	6.5	3
223.8334855	6.5	4
