onset	duration	trial_type
2.0230555	6.5	2
20.5462875	6.5	1
39.069517499999996	6.5	2
57.5927465	6.5	1
76.1159885	6.5	1
94.6391975	6.5	2
113.1624405	6.5	2
131.6856615	6.5	1
150.20894850000002	6.5	2
168.7321365	6.5	1
