onset	duration	trial_type
2.0228815	6.5	2
20.546097500000002	6.5	2
39.0693355	6.5	1
57.592570499999994	6.5	1
76.1157895	6.5	1
94.6390385	6.5	2
113.1622585	6.5	2
131.6854885	6.5	1
150.2087145	6.5	1
168.7319435	6.5	2
