onset	duration	trial_type
3.5275125	6.5	4
23.555217499999998	6.5	1
43.5831645	6.5	2
63.6108745	6.5	4
83.6387395	6.5	3
103.6666125	6.5	4
123.6943285	6.5	5
143.72216650000001	6.5	5
163.7499315	6.5	2
183.7779435	6.5	1
203.8057745	6.5	3
223.83342549999998	6.5	4
