onset	duration	trial_type
3.5273635000000003	6.5	2
23.5552155	6.5	3
43.5831565	6.5	4
63.6109875	6.5	3
83.6387675	6.5	5
103.6666115	6.5	5
123.6943195	6.5	2
143.7222845	6.5	4
