onset	duration	trial_type
2.0228955	6.5	1
20.5461705	6.5	2
39.0694045	6.5	1
57.5926245	6.5	1
76.11586949999999	6.5	1
94.6390895	6.5	2
113.16232450000001	6.5	1
131.6855645	6.5	2
150.2087795	6.5	2
168.7320185	6.5	2
