onset	duration	trial_type
3.5275255	6.5	4
23.555283499999998	6.5	1
43.5832165	6.5	5
63.610933499999994	6.5	2
83.6388275	6.5	4
103.6667095	6.5	3
123.6943605	6.5	5
143.7222085	6.5	3
163.75019650000002	6.5	2
183.7778545	6.5	1
203.8058455	6.5	4
223.8335125	6.5	4
