onset	duration	trial_type
3.5274585	6.5	4
23.5552395	6.5	1
43.5831995	6.5	3
63.6110755	6.5	2
83.6388455	6.5	4
103.66668349999999	6.5	3
123.69439550000001	6.5	4
143.7223315	6.5	5
163.7501025	6.5	5
183.7779855	6.5	2
203.8057085	6.5	1
223.83349449999997	6.5	4
