onset	duration	trial_type
4.5305824999999995	6.5	4
24.5582735	6.5	1
44.5862475	6.5	3
64.6140965	6.5	2
84.6417855	6.5	4
104.66959449999999	6.5	5
124.6974075	6.5	3
144.72522450000002	6.5	2
164.7530765	6.5	5
184.7808595	6.5	1
204.8087625	6.5	4
224.8365415	6.5	4
