onset	duration	trial_type
4.5305575	6.5	4
24.558314499999998	6.5	1
44.5862445	6.5	2
64.6140805	6.5	2
84.6418865	6.5	3
104.6697505	6.5	4
124.6974125	6.5	3
144.7252995	6.5	5
164.7530945	6.5	5
184.7809395	6.5	1
204.8087425	6.5	4
224.83652149999998	6.5	4
