onset	duration	trial_type
4.5305155	6.5	4
24.5582795	6.5	1
44.5862675	6.5	2
64.6139795	6.5	4
84.64178249999999	6.5	2
104.6696285	6.5	5
124.69744650000001	6.5	3
144.72530849999998	6.5	4
164.7532425	6.5	3
184.7810335	6.5	5
204.8088955	6.5	1
224.83670049999998	6.5	4
