onset	duration	trial_type
4.5305875	6.5	4
24.5583025	6.5	1
44.5861935	6.5	3
64.6138935	6.5	4
84.6418165	6.5	3
104.6694855	6.5	4
124.69745449999999	6.5	1
144.7253005	6.5	5
164.75299950000002	6.5	2
184.7809045	6.5	2
204.8087765	6.5	5
224.8364605	6.5	4
