onset	duration	trial_type
4.5306245	6.5	4
24.5583375	6.5	1
44.5862625	6.5	2
64.6141335	6.5	3
84.6419025	6.5	2
104.6696125	6.5	4
124.69741850000001	6.5	5
144.72540949999998	6.5	4
164.7532405	6.5	3
184.78097250000002	6.5	1
204.8089095	6.5	5
224.8366895	6.5	4
