onset	duration	trial_type
4.5306975	6.5	4
24.5583155	6.5	1
44.5863045	6.5	5
64.6141245	6.5	4
84.64190450000001	6.5	3
104.6697475	6.5	2
124.6974675	6.5	4
144.72525149999998	6.5	5
164.7531695	6.5	3
184.7809625	6.5	1
204.8089105	6.5	2
224.8365785	6.5	4
