onset	duration	trial_type
4.5307025	6.5	4
24.5583425	6.5	1
44.5863115	6.5	3
64.61401550000001	6.5	3
84.6419385	6.5	4
104.6696525	6.5	5
124.69747450000001	6.5	2
144.7254105	6.5	1
164.7532185	6.5	4
184.7810645	6.5	5
204.8087895	6.5	2
224.83658250000002	6.5	4
