onset	duration	trial_type
3.5611805	6.5	4
23.5890065	6.5	1
43.6168535	6.5	4
63.64455649999999	6.5	4
83.6725245	6.5	3
103.7003505	6.5	5
123.7281325	6.5	2
143.7558385	6.5	5
163.7836505	6.5	2
183.81165149999998	6.5	1
203.8394715	6.5	3
223.8671775	6.5	4
