onset	duration	trial_type
3.5276475	6.5	4
23.555545499999997	6.5	2
43.5833485	6.5	4
63.611194499999996	6.5	3
83.6388825	6.5	5
103.6668015	6.5	3
123.69465249999999	6.5	5
143.7223575	6.5	2
