onset	duration	trial_type
4.5306125	6.5	4
24.558386499999997	6.5	1
44.5861995	6.5	4
64.61400450000001	6.5	5
84.6418675	6.5	2
104.6696885	6.5	5
124.69749750000001	6.5	4
144.7253645	6.5	3
164.7530315	6.5	3
184.78101850000002	6.5	2
204.8087105	6.5	1
224.8366705	6.5	4
