onset	duration	trial_type
4.5305355	6.5	4
24.558348499999997	6.5	1
44.5862125	6.5	5
64.61390949999999	6.5	2
84.6418675	6.5	3
104.66969449999999	6.5	2
124.69747450000001	6.5	3
144.7253095	6.5	5
164.7530145	6.5	4
184.7809925	6.5	1
204.8088125	6.5	4
224.8366415	6.5	4
