onset	duration	trial_type
4.5305275	6.5	4
24.5583345	6.5	1
44.5862865	6.5	3
64.6141445	6.5	2
84.6419105	6.5	3
104.6697865	6.5	5
124.69757150000001	6.5	5
144.7254435	6.5	4
164.75312150000002	6.5	1
184.7810665	6.5	2
204.8088805	6.5	4
224.8366995	6.5	4
