onset	duration	trial_type
4.530545500000001	6.5	4
24.558245499999998	6.5	1
44.5861885	6.5	5
64.61406550000001	6.5	2
84.6418235	6.5	3
104.6696705	6.5	4
124.6973625	6.5	2
144.7253435	6.5	4
164.75314450000002	6.5	1
184.7809465	6.5	3
204.8088085	6.5	5
224.8366095	6.5	4
