onset	duration	trial_type
4.5304105	6.5	4
24.5583365	6.5	1
44.586146500000005	6.5	3
64.6138725	6.5	4
84.6418415	6.5	3
104.6696675	6.5	5
124.6973445	6.5	2
144.7252785	6.5	4
164.7530815	6.5	2
184.7809675	6.5	5
204.8087405	6.5	1
224.83659550000002	6.5	4
