onset	duration	trial_type
4.5308085	6.5	4
24.5585215	6.5	1
44.586490500000004	6.5	4
64.6143135	6.5	5
84.6420045	6.5	3
104.6698705	6.5	2
124.6976085	6.5	4
144.7255925	6.5	1
164.7533575	6.5	2
184.7811625	6.5	5
204.8090005	6.5	3
224.83687749999999	6.5	4
