onset	duration	trial_type
4.5305675	6.5	4
24.5582115	6.5	1
44.5862125	6.5	3
64.61396450000001	6.5	5
84.64175350000001	6.5	4
104.66965450000001	6.5	3
124.6974765	6.5	5
144.7253415	6.5	1
164.7531715	6.5	2
184.7809435	6.5	2
204.80882450000001	6.5	4
224.8364815	6.5	4
