onset	duration	trial_type
4.5305975	6.5	4
24.5584245	6.5	1
44.5862945	6.5	3
64.6140945	6.5	2
84.6419035	6.5	4
104.6697285	6.5	5
124.6974065	6.5	2
144.7254275	6.5	1
164.7531095	6.5	5
184.78105549999998	6.5	4
204.8089015	6.5	3
224.83668050000003	6.5	4
