onset	duration	trial_type
4.5305155	6.5	4
24.5582825	6.5	1
44.5862735	6.5	4
64.6141085	6.5	3
84.6419035	6.5	5
104.6697705	6.5	4
124.6975585	6.5	2
144.7252375	6.5	3
164.7531285	6.5	5
184.78100049999998	6.5	1
204.8089205	6.5	2
224.83658849999998	6.5	4
