onset	duration	trial_type
4.530575499999999	6.5	4
24.5583795	6.5	1
44.5862495	6.5	5
64.61390250000001	6.5	2
84.6418585	6.5	5
104.6696415	6.5	3
124.6975115	6.5	4
144.72524750000002	6.5	2
164.7531605	6.5	1
184.7810235	6.5	4
204.8087185	6.5	3
224.83664449999998	6.5	4
