onset	duration	trial_type
4.5305995	6.5	4
24.5582035	6.5	1
44.586203499999996	6.5	5
64.61394250000001	6.5	4
84.6417195	6.5	5
104.6696825	6.5	2
124.69734650000001	6.5	3
144.72530749999999	6.5	1
164.7531175	6.5	3
184.7809745	6.5	4
204.8087655	6.5	2
224.8365865	6.5	4
