onset	duration	trial_type
2.0228125	6.5	1
20.5460815	6.5	2
39.0693585	6.5	1
57.5925745	6.5	2
76.1157855	6.5	1
94.6390525	6.5	2
113.16226850000001	6.5	2
131.6854705	6.5	2
150.2086935	6.5	1
168.73192949999998	6.5	1
