onset	duration	trial_type
2.0228605	6.5	1
20.5460955	6.5	1
39.0693315	6.5	1
57.592563500000004	6.5	1
76.1157975	6.5	2
94.6390185	6.5	2
113.16221350000001	6.5	2
131.6854865	6.5	2
150.2087155	6.5	1
168.7319565	6.5	2
