onset	duration	trial_type
2.0228535	6.5	2
20.5461095	6.5	2
39.069354499999996	6.5	1
57.5925205	6.5	1
76.1158145	6.5	1
94.6389925	6.5	2
113.1622365	6.5	1
131.6855005	6.5	2
150.2086875	6.5	1
168.7319325	6.5	2
