onset	duration	trial_type
3.5276625	6.5	4
23.555345499999998	6.5	1
43.5833435	6.5	2
63.6111735	6.5	5
83.63884250000001	6.5	3
103.6668215	6.5	5
123.6944855	6.5	1
143.7224665	6.5	4
163.7502055	6.5	2
183.7781115	6.5	3
203.8059225	6.5	4
223.8336125	6.5	4
