onset	duration	trial_type
4.5304895	6.5	4
24.5583905	6.5	1
44.5862505	6.5	5
64.6141185	6.5	3
84.6418965	6.5	4
104.66978950000001	6.5	3
124.69760649999999	6.5	2
144.7253415	6.5	5
164.7532665	6.5	1
184.7809675	6.5	2
204.8087945	6.5	4
224.8365875	6.5	4
