onset	duration	trial_type
3.5276885	6.5	4
23.5553475	6.5	1
43.5833425	6.5	5
63.6111165	6.5	2
83.6388675	6.5	4
103.6668385	6.5	3
123.69462549999999	6.5	5
143.7224675	6.5	3
163.7503075	6.5	2
183.7780975	6.5	1
203.8059295	6.5	4
223.8336395	6.5	4
