onset	duration	trial_type
2.0229975	6.5	1
20.5460985	6.5	1
39.0693445	6.5	2
57.59257950000001	6.5	2
76.1158145	6.5	1
94.6390375	6.5	2
113.1622715	6.5	1
131.6854565	6.5	1
150.2087355	6.5	2
168.7319565	6.5	2
