onset	duration	trial_type
3.5274305	6.5	4
23.5553305	6.5	1
43.5830895	6.5	3
63.6108985	6.5	2
83.6387135	6.5	5
103.6666965	6.5	4
123.69435349999999	6.5	1
143.7223185	6.5	5
163.7500325	6.5	4
183.7778245	6.5	2
203.8057325	6.5	3
223.83353050000002	6.5	4
