onset	duration	trial_type
3.5276555	6.5	4
23.5554615	6.5	4
43.5832195	6.5	3
63.6110775	6.5	5
83.6389185	6.5	2
103.66674350000001	6.5	5
123.69448349999999	6.5	2
143.7223105	6.5	3
