onset	duration	trial_type
2.0230405	6.5	2
20.546311499999998	6.5	1
39.0694935	6.5	2
57.592873499999996	6.5	1
76.1159835	6.5	1
94.6392135	6.5	2
113.1624645	6.5	2
131.6856425	6.5	2
150.2089105	6.5	1
168.7321575	6.5	1
