onset	duration	trial_type
2.0229715	6.5	1
20.546155499999998	6.5	2
39.0694515	6.5	1
57.592648499999996	6.5	2
76.1158615	6.5	1
94.6390885	6.5	1
113.1623525	6.5	2
131.68555049999998	6.5	2
150.2087765	6.5	2
168.73205049999999	6.5	1
