onset	duration	trial_type
3.5276214999999995	6.5	4
23.5553285	6.5	1
43.5832425	6.5	5
63.6111135	6.5	4
83.6389095	6.5	2
103.6666575	6.5	4
123.69441850000001	6.5	2
143.7224185	6.5	1
163.7500635	6.5	5
183.7780565	6.5	3
203.80589750000001	6.5	3
223.83359049999999	6.5	4
