onset	duration	trial_type
2.0228535	6.5	1
20.546101500000002	6.5	2
39.0693305	6.5	1
57.5925205	6.5	2
76.1157985	6.5	1
94.63901750000001	6.5	1
113.16222150000002	6.5	1
131.6854735	6.5	2
150.2087195	6.5	2
168.7319005	6.5	2
