onset	duration	trial_type
3.5274574999999997	6.5	4
23.5553275	6.5	1
43.583153499999995	6.5	4
63.6109785	6.5	4
83.6388155	6.5	3
103.6666105	6.5	5
123.6944385	6.5	2
143.7221325	6.5	5
163.7500905	6.5	2
183.7779385	6.5	1
203.8057275	6.5	3
223.8336035	6.5	4
