onset	duration	trial_type
3.5277175000000005	6.5	4
23.5555855	6.5	1
43.5832745	6.5	3
63.6112655	6.5	2
83.6390035	6.5	4
103.6668885	6.5	3
123.6947245	6.5	4
143.7224405	6.5	5
163.7503295	6.5	5
183.7781135	6.5	2
203.8060155	6.5	1
223.83386349999998	6.5	4
