onset	duration	trial_type
2.0229195	6.5	1
20.546155499999998	6.5	2
39.0693505	6.5	1
57.59263249999999	6.5	2
76.1158215	6.5	2
94.6390435	6.5	2
113.1623175	6.5	1
131.6855415	6.5	1
150.2087495	6.5	1
168.7320025	6.5	2
