onset	duration	trial_type
3.5276625	6.5	4
23.555491500000002	6.5	1
43.5832975	6.5	2
63.6111665	6.5	5
83.63884449999999	6.5	5
103.66681750000001	6.5	4
123.6946175	6.5	2
143.7222945	6.5	4
163.7502655	6.5	1
183.7779565	6.5	3
203.80590149999998	6.5	3
223.8337615	6.5	4
