onset	duration	trial_type
4.5304785	6.5	4
24.5582705	6.5	1
44.5860515	6.5	2
64.6139985	6.5	3
84.6418125	6.5	4
104.6696735	6.5	3
124.6973375	6.5	5
144.7253265	6.5	4
164.7529965	6.5	5
184.7809325	6.5	2
204.8088005	6.5	1
224.8364355	6.5	4
