onset	duration	trial_type
3.5275205	6.5	4
23.5551995	6.5	1
43.5831895	6.5	4
63.61090649999999	6.5	4
83.6387375	6.5	3
103.66669250000001	6.5	5
123.69447350000002	6.5	2
143.7223405	6.5	5
163.7501465	6.5	2
183.7779915	6.5	1
203.8058095	6.5	3
223.83360150000001	6.5	4
