onset	duration	trial_type
2.0228805	6.5	2
20.546101500000002	6.5	2
39.0693425	6.5	1
57.592570499999994	6.5	1
76.1157635	6.5	1
94.63902850000001	6.5	2
113.16222250000001	6.5	1
131.6854785	6.5	2
150.20872549999999	6.5	1
168.73194750000002	6.5	2
