onset	duration	trial_type
3.5276155	6.5	3
23.5553935	6.5	2
43.5833115	6.5	5
63.6110245	6.5	3
83.63899649999999	6.5	2
103.6668315	6.5	4
123.69450049999999	6.5	5
143.7224745	6.5	4
