onset	duration	trial_type
2.0228805	6.5	1
20.5460905	6.5	1
39.0693185	6.5	2
57.59257950000001	6.5	2
76.1158405	6.5	1
94.6390155	6.5	2
113.16225049999998	6.5	1
131.6854945	6.5	1
150.2086955	6.5	2
168.7319445	6.5	2
