onset	duration	trial_type
3.5276765	6.5	4
23.5555285	6.5	1
43.5833625	6.5	3
63.6110365	6.5	2
83.6390435	6.5	4
103.66687850000001	6.5	3
123.6946405	6.5	4
143.7225225	6.5	5
163.7503035	6.5	5
183.77817050000002	6.5	2
203.8059865	6.5	1
223.8338205	6.5	4
