onset	duration	trial_type
3.5276535000000004	6.5	4
23.555494500000002	6.5	2
43.5834385	6.5	4
63.6112375	6.5	3
83.6389315	6.5	5
103.6667765	6.5	3
123.69455249999999	6.5	5
143.7225395	6.5	2
