onset	duration	trial_type
3.5273654999999997	6.5	4
23.5552685	6.5	1
43.5830965	6.5	2
63.6108545	6.5	5
83.6387815	6.5	3
103.6665885	6.5	5
123.69439650000001	6.5	1
143.72219750000002	6.5	4
163.7499445	6.5	2
183.7778185	6.5	3
203.8057375	6.5	4
223.83352250000002	6.5	4
