onset	duration	trial_type
4.5307405	6.5	4
24.5584825	6.5	1
44.5863265	6.5	5
64.6139975	6.5	4
84.6419955	6.5	3
104.66975450000001	6.5	2
124.69759750000001	6.5	1
144.72544150000002	6.5	4
164.7531625	6.5	3
184.7810855	6.5	5
204.8088155	6.5	2
224.8367355	6.5	4
