onset	duration	trial_type
2.0235695	6.5	2
20.546089499999997	6.5	1
39.069314500000004	6.5	1
57.59250550000001	6.5	1
76.11579449999999	6.5	2
94.63900550000001	6.5	1
113.16219850000002	6.5	2
131.6854865	6.5	1
150.2087075	6.5	2
168.73192949999998	6.5	2
