onset	duration	trial_type
3.5278254999999996	6.5	4
23.5555465	6.5	1
43.583434499999996	6.5	5
63.6110765	6.5	3
83.6389535	6.5	2
103.6669135	6.5	3
123.69460649999999	6.5	4
143.7225415	6.5	5
163.7502355	6.5	1
183.7781915	6.5	4
203.80600249999998	6.5	2
223.8338415	6.5	4
