onset	duration	trial_type
3.5275125	6.5	4
23.555294500000002	6.5	1
43.583138500000004	6.5	2
63.610848499999996	6.5	5
83.6388135	6.5	3
103.66661450000001	6.5	5
123.6944205	6.5	1
143.7222835	6.5	4
163.7499605	6.5	2
183.7779385	6.5	3
203.8057655	6.5	4
223.8335345	6.5	4
