onset	duration	trial_type
3.5273894999999995	6.5	4
23.5551755	6.5	1
43.5830475	6.5	2
63.6107645	6.5	5
83.63869749999999	6.5	5
103.6664965	6.5	4
123.69434050000001	6.5	2
143.7221885	6.5	4
163.7500015	6.5	1
183.7778395	6.5	3
203.8055635	6.5	3
223.8333555	6.5	4
