onset	duration	trial_type
3.5275175	6.5	4
23.5553565	6.5	2
43.583161499999996	6.5	4
63.61100450000001	6.5	3
83.6388615	6.5	5
103.66665649999999	6.5	3
123.6944845	6.5	5
143.7222885	6.5	2
