onset	duration	trial_type
2.0230474999999997	6.5	1
20.5462775	6.5	2
39.0695185	6.5	1
57.59274549999999	6.5	2
76.1159785	6.5	2
94.6392045	6.5	2
113.16240549999999	6.5	1
131.6856585	6.5	1
150.2088895	6.5	1
168.7321205	6.5	2
